Tamanio 5 formato .jpg 01:46:00;1:46:00;1:49:00;
Tamanio 5 formato .png 01:49:37;1:49:37;1:52:37;
Tamanio 0 formato .jpg 01:53:12;1:53:12;1:56:12;
Tamanio 0 formato .png 01:56:42;1:56:42;1:59:42;
Tamanio 1 formato .jpg 02:00:12;2:00:12;2:03:12;
Tamanio 1 formato .png 02:03:43;2:03:43;2:06:43;
Tamanio 2 formato .jpg 02:07:14;2:07:14;2:10:14;
Tamanio 2 formato .png 02:10:45;2:10:45;2:13:45;
Tamanio 3 formato .jpg 02:14:17;2:14:17;2:17:17;
Tamanio 3 formato .png 02:17:50;2:17:50;2:20:50;
Tamanio 4 formato .jpg 02:21:29;2:21:29;2:24:29;
Tamanio 4 formato .png 02:25:23;2:25:23;2:28:23;
Tamanio 1 formato .jpg 02:28:58;2:28:58;2:31:58;
Tamanio 1 formato .png 02:32:29;2:32:29;2:35:29;
Tamanio 2 formato .jpg 02:36:00;2:36:00;2:39:00;
Tamanio 2 formato .png 02:39:31;2:39:31;2:42:31;
Tamanio 3 formato .jpg 02:43:02;2:43:02;2:46:02;
Tamanio 3 formato .png 02:46:36;2:46:36;2:49:36;
Tamanio 4 formato .jpg 02:50:10;2:50:10;2:53:10;
Tamanio 4 formato .png 02:54:03;2:54:03;2:57:03;
Tamanio 5 formato .jpg 02:57:47;2:57:47;3:00:47;
Tamanio 5 formato .png 03:01:24;3:01:24;3:04:24;
Tamanio 0 formato .jpg 03:04:58;3:04:58;3:07:58;
Tamanio 0 formato .png 03:08:28;3:08:28;3:11:28;
Tamanio 0 formato .jpg 03:11:58;3:11:58;3:14:58;
Tamanio 0 formato .png 03:15:29;3:15:29;3:18:29;
Tamanio 1 formato .jpg 03:19:00;3:19:00;3:22:00;
Tamanio 1 formato .png 03:22:31;3:22:31;3:25:31;
Tamanio 2 formato .jpg 03:26:01;3:26:01;3:29:01;
Tamanio 2 formato .png 03:29:33;3:29:33;3:32:33;
Tamanio 3 formato .jpg 03:33:04;3:33:04;3:36:04;
Tamanio 3 formato .png 03:36:38;3:36:38;3:39:38;
Tamanio 4 formato .jpg 03:40:40;3:40:40;3:43:40;
Tamanio 4 formato .png 03:44:33;3:44:33;3:47:33;
Tamanio 5 formato .jpg 03:48:09;3:48:09;3:51:09;
Tamanio 5 formato .png 03:51:45;3:51:45;3:54:45;
Tamanio 4 formato .jpg 03:55:19;3:55:19;3:58:19;
Tamanio 4 formato .png 03:59:11;3:59:11;4:02:11;
Tamanio 5 formato .jpg 04:02:46;4:02:46;4:05:46;
Tamanio 5 formato .png 04:06:23;4:06:23;4:09:23;
Tamanio 0 formato .jpg 04:09:57;4:09:57;4:12:57;
Tamanio 0 formato .png 04:13:27;4:13:27;4:16:27;
Tamanio 1 formato .jpg 04:16:57;4:16:57;4:19:57;
Tamanio 1 formato .png 04:20:28;4:20:28;4:23:28;
Tamanio 2 formato .jpg 04:23:59;4:23:59;4:26:59;
Tamanio 2 formato .png 04:27:31;4:27:31;4:30:31;
Tamanio 3 formato .jpg 04:31:02;4:31:02;4:34:02;
Tamanio 3 formato .png 04:34:36;4:34:36;4:37:36;
Tamanio 0 formato .jpg 04:38:10;4:38:10;4:41:10;
Tamanio 0 formato .png 04:41:41;4:41:41;4:44:41;
Tamanio 1 formato .jpg 04:45:11;4:45:11;4:48:11;
Tamanio 1 formato .png 04:48:42;4:48:42;4:51:42;
Tamanio 2 formato .jpg 04:52:13;4:52:13;4:55:13;
Tamanio 2 formato .png 04:55:44;4:55:44;4:58:44;
Tamanio 3 formato .jpg 04:59:16;4:59:16;5:02:16;
Tamanio 3 formato .png 05:02:50;5:02:50;5:05:50;
Tamanio 4 formato .jpg 05:06:22;5:06:22;5:09:22;
Tamanio 4 formato .png 05:10:15;5:10:15;5:13:15;
Tamanio 5 formato .jpg 05:13:51;5:13:51;5:16:51;
Tamanio 5 formato .png 05:17:27;5:17:27;5:20:27;
